INSERT IGNORE INTO destinations (id, city, country, climate) VALUES
  (1, 'London', 'United Kingdom', 'Temperate'),
  (2, 'New York', 'United States', 'Temperate'),
  (3, 'Paris', 'France', 'Temperate'),
  (4, 'Dubai', 'United Arab Emirates', 'Desert'),
  (5, 'Tokyo', 'Japan', 'Humid Subtropical'),
  (6, 'Singapore', 'Singapore', 'Tropical'),
  (7, 'Sydney', 'Australia', 'Temperate'),
  (8, 'Frankfurt', 'Germany', 'Temperate'),
  (9, 'Amsterdam', 'Netherlands', 'Temperate'),
  (10, 'Madrid', 'Spain', 'Mediterranean'),
  (11, 'Toronto', 'Canada', 'Continental'),
  (12, 'São Paulo', 'Brazil', 'Tropical'),
  (13, 'Johannesburg', 'South Africa', 'Subtropical Highland'),
  (14, 'Istanbul', 'Turkey', 'Mediterranean'),
  (15, 'San Francisco', 'United States', 'Mediterranean'),
  (16, 'Los Angeles', 'United States', 'Mediterranean'),
  (17, 'Mexico City', 'Mexico', 'Subtropical Highland'),
  (18, 'Mumbai', 'India', 'Tropical Wet and Dry'),
  (19, 'Seoul', 'South Korea', 'Humid Continental'),
  (20, 'Barcelona', 'Spain', 'Mediterranean');

-- Destination Tags

INSERT IGNORE INTO destination_tags (destination_id, tags) VALUES
  (1, 'historic'), (1, 'cosmopolitan'), (1, 'multicultural'), (1, 'business'), (1, 'finance'),
  (2, 'shopping'), (2, 'skyscrapers'), (2, 'multicultural'), (1, 'business'), (1, 'finance'),
  (3, 'romantic'), (3, 'art'),
  (4, 'luxury'), (4, 'desert'),
  (5, 'technology'), (5, 'culture'), (5, 'clean'), (5, 'food'),
  (6, 'clean'), (6, 'food'),
  (7, 'beaches'), (7, 'outdoors'),
  (8, 'business'), (8, 'finance'),
  (9, 'canals'), (9, 'bicycles'),
  (10, 'sunny'), (10, 'art'),
  (11, 'multicultural'), (11, 'nature'),
  (12, 'vibrant'), (12, 'nightlife'),
  (13, 'wildlife'), (13, 'adventure'),
  (14, 'historic'), (14, 'bazaars'),
  (15, 'tech'), (15, 'bay'),
  (16, 'movies'), (16, 'beaches'),
  (17, 'culture'), (17, 'altitude'), (17, 'vibrant'),
  (18, 'bollywood'), (18, 'monsoon'), (17, 'vibrant'),
  (19, 'modern'), (19, 'palaces'),
  (20, 'architecture'), (20, 'beaches');
  


-- Airports
INSERT IGNORE INTO airports (code, name, city, country) VALUES
  ('LHR', 'Heathrow Airport', 'London', 'United Kingdom'),
  ('JFK', 'John F. Kennedy International Airport', 'New York', 'United States'),
  ('CDG', 'Charles de Gaulle Airport', 'Paris', 'France'),
  ('DXB', 'Dubai International Airport', 'Dubai', 'United Arab Emirates'),
  ('HND', 'Haneda Airport', 'Tokyo', 'Japan'),
  ('SIN', 'Changi Airport', 'Singapore', 'Singapore'),
  ('SYD', 'Sydney Kingsford Smith Airport', 'Sydney', 'Australia'),
  ('FRA', 'Frankfurt Airport', 'Frankfurt', 'Germany'),
  ('AMS', 'Amsterdam Schiphol Airport', 'Amsterdam', 'Netherlands'),
  ('MAD', 'Adolfo Suárez Madrid-Barajas Airport', 'Madrid', 'Spain'),
  ('YYZ', 'Toronto Pearson International Airport', 'Toronto', 'Canada'),
  ('GRU', 'São Paulo-Guarulhos International Airport', 'São Paulo', 'Brazil'),
  ('JNB', 'O. R. Tambo International Airport', 'Johannesburg', 'South Africa'),
  ('IST', 'Istanbul Airport', 'Istanbul', 'Turkey'),
  ('SFO', 'San Francisco International Airport', 'San Francisco', 'United States'),
  ('LAX', 'Los Angeles International Airport', 'Los Angeles', 'United States'),
  ('MEX', 'Mexico City International Airport', 'Mexico City', 'Mexico'),
  ('BOM', 'Chhatrapati Shivaji Maharaj International Airport', 'Mumbai', 'India'),
  ('ICN', 'Incheon International Airport', 'Seoul', 'South Korea'),
  ('BCN', 'Barcelona-El Prat Airport', 'Barcelona', 'Spain');

-- Flights
INSERT IGNORE INTO flights (origin_airport_id, destination_airport_id, price, departure_date) VALUES
  ('LHR', 'JFK', 450.00, '2025-08-10'),
  ('LHR', 'JFK', 480.00, '2025-08-17'),
  ('LHR', 'JFK', 420.00, '2025-09-01'),
  ('JFK', 'CDG', 500.00, '2025-08-15'),
  ('JFK', 'CDG', 520.00, '2025-09-05'),
  ('JFK', 'CDG', 495.00, '2025-09-20'),
  ('CDG', 'DXB', 600.00, '2025-08-20'),
  ('CDG', 'DXB', 650.00, '2025-09-10'),
  ('CDG', 'DXB', 590.00, '2025-09-25'),
  ('DXB', 'LHR', 700.00, '2025-08-25'),
  ('DXB', 'LHR', 720.00, '2025-09-15'),
  ('DXB', 'LHR', 680.00, '2025-10-01'),
  ('HND', 'SIN', 350.00, '2025-09-01'),
  ('HND', 'SIN', 370.00, '2025-09-15'),
  ('HND', 'SIN', 340.00, '2025-10-01'),
  ('SIN', 'SYD', 400.00, '2025-09-05'),
  ('SIN', 'SYD', 420.00, '2025-09-20'),
  ('SIN', 'SYD', 390.00, '2025-10-05'),
  ('SYD', 'FRA', 800.00, '2025-09-10'),
  ('SYD', 'FRA', 820.00, '2025-09-25'),
  ('SYD', 'FRA', 780.00, '2025-10-10'),
  ('FRA', 'AMS', 120.00, '2025-09-12'),
  ('FRA', 'AMS', 130.00, '2025-09-27'),
  ('FRA', 'AMS', 110.00, '2025-10-12'),
  ('AMS', 'MAD', 130.00, '2025-09-15'),
  ('AMS', 'MAD', 140.00, '2025-09-30'),
  ('AMS', 'MAD', 125.00, '2025-10-15'),
  ('MAD', 'YYZ', 650.00, '2025-09-18'),
  ('MAD', 'YYZ', 670.00, '2025-10-03'),
  ('MAD', 'YYZ', 640.00, '2025-10-18'),
  ('YYZ', 'GRU', 900.00, '2025-09-20'),
  ('YYZ', 'GRU', 950.00, '2025-10-05'),
  ('YYZ', 'GRU', 880.00, '2025-10-20'),
  ('GRU', 'JNB', 950.00, '2025-09-25'),
  ('GRU', 'JNB', 970.00, '2025-10-10'),
  ('GRU', 'JNB', 930.00, '2025-10-25'),
  ('JNB', 'IST', 700.00, '2025-09-28'),
  ('JNB', 'IST', 720.00, '2025-10-13'),
  ('JNB', 'IST', 690.00, '2025-10-28'),
  ('IST', 'SFO', 1100.00, '2025-10-01'),
  ('IST', 'SFO', 1150.00, '2025-10-16'),
  ('IST', 'SFO', 1080.00, '2025-10-31'),
  ('SFO', 'LAX', 90.00, '2025-10-03'),
  ('SFO', 'LAX', 95.00, '2025-10-18'),
  ('SFO', 'LAX', 85.00, '2025-11-02'),
  ('LAX', 'MEX', 200.00, '2025-10-05'),
  ('LAX', 'MEX', 210.00, '2025-10-20'),
  ('LAX', 'MEX', 190.00, '2025-11-04'),
  ('MEX', 'BOM', 1200.00, '2025-10-10'),
  ('MEX', 'BOM', 1250.00, '2025-10-25'),
  ('MEX', 'BOM', 1180.00, '2025-11-09'),
  ('BOM', 'ICN', 800.00, '2025-10-15'),
  ('BOM', 'ICN', 850.00, '2025-10-30'),
  ('BOM', 'ICN', 780.00, '2025-11-14'),
  ('ICN', 'BCN', 950.00, '2025-10-20'),
  ('ICN', 'BCN', 970.00, '2025-11-04'),
  ('ICN', 'BCN', 930.00, '2025-11-19'),
  ('BCN', 'LHR', 300.00, '2025-10-25'),
  ('BCN', 'LHR', 320.00, '2025-11-09'),
  ('BCN', 'LHR', 290.00, '2025-11-24');