INSERT IGNORE INTO destinations (id, city, country, climate) VALUES
  (1, 'London', 'United Kingdom', 'Temperate'),
  (2, 'New York', 'United States', 'Temperate'),
  (3, 'Paris', 'France', 'Temperate'),
  (4, 'Dubai', 'United Arab Emirates', 'Desert'),
  (5, 'Tokyo', 'Japan', 'Humid Subtropical'),
  (6, 'Singapore', 'Singapore', 'Tropical'),
  (7, 'Sydney', 'Australia', 'Temperate'),
  (8, 'Frankfurt', 'Germany', 'Temperate'),
  (9, 'Amsterdam', 'Netherlands', 'Temperate'),
  (10, 'Madrid', 'Spain', 'Mediterranean'),
  (11, 'Toronto', 'Canada', 'Continental'),
  (12, 'São Paulo', 'Brazil', 'Tropical'),
  (13, 'Johannesburg', 'South Africa', 'Subtropical Highland'),
  (14, 'Istanbul', 'Turkey', 'Mediterranean'),
  (15, 'San Francisco', 'United States', 'Mediterranean'),
  (16, 'Los Angeles', 'United States', 'Mediterranean'),
  (17, 'Mexico City', 'Mexico', 'Subtropical Highland'),
  (18, 'Mumbai', 'India', 'Tropical Wet and Dry'),
  (19, 'Seoul', 'South Korea', 'Humid Continental'),
  (20, 'Barcelona', 'Spain', 'Mediterranean');

-- Destination Tags

INSERT IGNORE INTO destination_tags (destination_id, tags) VALUES
  (1, 'historic'), (1, 'cosmopolitan'), (1, 'multicultural'), (1, 'business'), (1, 'finance'),
  (2, 'shopping'), (2, 'skyscrapers'), (2, 'multicultural'), (2, 'business'), (3, 'finance'),
  (3, 'romantic'), (3, 'art'),
  (4, 'luxury'), (4, 'desert'),
  (5, 'technology'), (5, 'culture'), (5, 'clean'), (5, 'food'),
  (6, 'clean'), (6, 'food'),
  (7, 'beaches'), (7, 'outdoors'),
  (8, 'business'), (8, 'finance'),
  (9, 'canals'), (9, 'bicycles'),
  (10, 'sunny'), (10, 'art'),
  (11, 'multicultural'), (11, 'nature'),
  (12, 'vibrant'), (12, 'nightlife'),
  (13, 'wildlife'), (13, 'adventure'),
  (14, 'historic'), (14, 'bazaars'),
  (15, 'tech'), (15, 'bay'),
  (16, 'movies'), (16, 'beaches'),
  (17, 'culture'), (17, 'altitude'), (17, 'vibrant'),
  (18, 'bollywood'), (18, 'monsoon'), (18, 'vibrant'),
  (19, 'modern'), (19, 'palaces'),
  (20, 'architecture'), (20, 'beaches');
  


-- Airports
INSERT IGNORE INTO airports (code, name, destination_id) VALUES
  ('LHR', 'Heathrow Airport', 1),
  ('JFK', 'John F. Kennedy International Airport', 2),
  ('CDG', 'Charles de Gaulle Airport', 3),
  ('DXB', 'Dubai International Airport', 4),
  ('HND', 'Haneda Airport', 5),
  ('SIN', 'Changi Airport', 6),
  ('SYD', 'Sydney Kingsford Smith Airport', 7),
  ('FRA', 'Frankfurt Airport', 8),
  ('AMS', 'Amsterdam Schiphol Airport', 9),
  ('MAD', 'Adolfo Suárez Madrid-Barajas Airport', 10),
  ('YYZ', 'Toronto Pearson International Airport', 11),
  ('GRU', 'São Paulo-Guarulhos International Airport', 12),
  ('JNB', 'O. R. Tambo International Airport', 13),
  ('IST', 'Istanbul Airport', 14),
  ('SFO', 'San Francisco International Airport', 15),
  ('LAX', 'Los Angeles International Airport', 16),
  ('MEX', 'Mexico City International Airport', 17),
  ('BOM', 'Chhatrapati Shivaji Maharaj International Airport', 18),
  ('ICN', 'Incheon International Airport', 19),
  ('BCN', 'Barcelona-El Prat Airport', 20);

-- Flights
INSERT IGNORE INTO flights (departure_airport_id, arrival_airport_id, price, departure_date) VALUES
  ('LHR', 'JFK', 450.00, '2025-12-10'),
  ('LHR', 'JFK', 480.00, '2025-12-17'),
  ('LHR', 'JFK', 420.00, '2025-12-01'),
  ('JFK', 'CDG', 500.00, '2025-12-15'),
  ('JFK', 'CDG', 520.00, '2025-12-05'),
  ('JFK', 'CDG', 495.00, '2025-11-20'),
  ('CDG', 'DXB', 600.00, '2025-12-20'),
  ('CDG', 'DXB', 650.00, '2025-11-10'),
  ('CDG', 'DXB', 590.00, '2025-11-25'),
  ('DXB', 'LHR', 700.00, '2025-12-25'),
  ('DXB', 'LHR', 720.00, '2025-11-15'),
  ('DXB', 'LHR', 680.00, '2025-10-01'),
  ('HND', 'SIN', 350.00, '2025-11-01'),
  ('HND', 'SIN', 370.00, '2025-11-15'),
  ('HND', 'SIN', 340.00, '2025-10-01'),
  ('SIN', 'SYD', 400.00, '2025-11-05'),
  ('SIN', 'SYD', 420.00, '2025-11-20'),
  ('SIN', 'SYD', 390.00, '2025-10-05'),
  ('SYD', 'FRA', 800.00, '2025-11-10'),
  ('SYD', 'FRA', 820.00, '2025-11-25'),
  ('SYD', 'FRA', 780.00, '2025-10-10'),
  ('FRA', 'AMS', 120.00, '2025-11-12'),
  ('FRA', 'AMS', 130.00, '2025-11-27'),
  ('FRA', 'AMS', 110.00, '2025-10-12'),
  ('AMS', 'MAD', 130.00, '2025-11-15'),
  ('AMS', 'MAD', 140.00, '2025-11-30'),
  ('AMS', 'MAD', 125.00, '2025-10-15'),
  ('MAD', 'YYZ', 650.00, '2025-11-18'),
  ('MAD', 'YYZ', 670.00, '2025-10-03'),
  ('MAD', 'YYZ', 640.00, '2025-10-18'),
  ('YYZ', 'GRU', 900.00, '2025-11-20'),
  ('YYZ', 'GRU', 950.00, '2025-10-05'),
  ('YYZ', 'GRU', 880.00, '2025-10-20'),
  ('GRU', 'JNB', 950.00, '2025-11-25'),
  ('GRU', 'JNB', 970.00, '2025-10-10'),
  ('GRU', 'JNB', 930.00, '2025-10-25'),
  ('JNB', 'IST', 700.00, '2025-11-28'),
  ('JNB', 'IST', 720.00, '2025-10-13'),
  ('JNB', 'IST', 690.00, '2025-10-28'),
  ('IST', 'SFO', 1100.00, '2025-10-01'),
  ('IST', 'SFO', 1150.00, '2025-10-16'),
  ('IST', 'SFO', 1080.00, '2025-10-31'),
  ('SFO', 'LAX', 90.00, '2025-10-03'),
  ('SFO', 'LAX', 95.00, '2025-10-18'),
  ('SFO', 'LAX', 85.00, '2025-11-02'),
  ('LAX', 'MEX', 200.00, '2025-10-05'),
  ('LAX', 'MEX', 210.00, '2025-10-20'),
  ('LAX', 'MEX', 190.00, '2025-11-04'),
  ('MEX', 'BOM', 1200.00, '2025-10-10'),
  ('MEX', 'BOM', 1250.00, '2025-10-25'),
  ('MEX', 'BOM', 1180.00, '2025-11-09'),
  ('BOM', 'ICN', 800.00, '2025-10-15'),
  ('BOM', 'ICN', 850.00, '2025-10-30'),
  ('BOM', 'ICN', 780.00, '2025-11-14'),
  ('ICN', 'BCN', 950.00, '2025-10-20'),
  ('ICN', 'BCN', 970.00, '2025-11-04'),
  ('ICN', 'BCN', 930.00, '2025-11-19'),
  ('BCN', 'LHR', 300.00, '2025-10-25'),
  ('BCN', 'LHR', 320.00, '2025-11-09'),
  ('BCN', 'LHR', 290.00, '2025-11-24'),
  ('LHR', 'JFK', 450.00, '2025-11-01'),
  ('LHR', 'JFK', 999.99, '2025-12-24'),
  ('LHR', 'CDG', 120.00, '2025-11-15'),
  ('LHR', 'CDG', 60.00, '2025-10-01'),
  ('LHR', 'DXB', 520.00, '2025-11-01'),
  ('LHR', 'SIN', 860.00, '2025-11-12'),
  ('LHR', 'FRA', 95.00, '2025-11-08'),
  ('LHR', 'BCN', 130.00, '2025-11-29'),
  ('JFK', 'LHR', 470.00, '2025-11-02'),
  ('JFK', 'SFO', 180.00, '2025-11-10'),
  ('JFK', 'SFO', 650.00, '2025-12-15'),
  ('JFK', 'BCN', 380.00, '2025-10-05'),
  ('JFK', 'CDG', 420.00, '2025-11-17'),
  ('JFK', 'MEX', 250.00, '2025-11-04'),
  ('CDG', 'AMS', 95.00, '2025-11-03'),
  ('CDG', 'FRA', 115.00, '2025-11-06'),
  ('CDG', 'SIN', 1050.00, '2025-11-11'),
  ('CDG', 'IST', 315.00, '2025-10-08'),
  ('CDG', 'LAX', 875.00, '2025-12-10'),
  ('DXB', 'HND', 900.00, '2025-11-20'),
  ('DXB', 'LHR', 470.00, '2025-11-27'),
  ('DXB', 'SYD', 1120.00, '2025-10-30'),
  ('DXB', 'JNB', 670.00, '2025-11-14'),
  ('DXB', 'ICN', 880.00, '2025-11-19'),
  ('SFO', 'LAX', 110.00, '2025-11-09'),
  ('SFO', 'JFK', 210.00, '2025-10-20'),
  ('SFO', 'IST', 820.00, '2025-11-25'),
  ('SFO', 'HND', 945.00, '2025-10-12'),
  ('SFO', 'SYD', 1420.00, '2025-12-18'),
  ('LAX', 'BCN', 500.00, '2025-10-10'),
  ('LAX', 'MEX', 230.00, '2025-11-17'),
  ('LAX', 'YYZ', 460.00, '2025-10-05'),
  ('LAX', 'JNB', 1030.00, '2025-11-07'),
  ('LAX', 'ICN', 890.00, '2025-11-23'),
  ('BOM', 'DXB', 275.00, '2025-11-15'),
  ('BOM', 'SIN', 410.00, '2025-10-22'),
  ('BOM', 'IST', 370.00, '2025-11-28'),
  ('BOM', 'AMS', 530.00, '2025-11-03'),
  ('BOM', 'YYZ', 980.00, '2025-12-01'),
  ('ICN', 'HND', 140.00, '2025-10-03'),
  ('ICN', 'SYD', 760.00, '2025-12-01'),
  ('ICN', 'SIN', 280.00, '2025-11-12'),
  ('ICN', 'CDG', 830.00, '2025-11-15'),
  ('ICN', 'GRU', 2100.00, '2025-12-20'),
  ('SYD', 'YYZ', 1900.00, '2025-11-25'),
  ('SYD', 'SIN', 700.00, '2025-11-07'),
  ('SYD', 'JNB', 800.00, '2025-10-04'),
  ('SYD', 'LHR', 1220.00, '2025-12-11'),
  ('SYD', 'SFO', 1380.00, '2025-11-30'),
  ('SIN', 'GRU', 2100.00, '2025-11-30'),
  ('SIN', 'BCN', 820.00, '2025-11-19'),
  ('SIN', 'CDG', 890.00, '2025-10-14'),
  ('SIN', 'HND', 310.00, '2025-11-05'),
  ('SIN', 'MEX', 1800.00, '2025-12-08'),
  ('FRA', 'MAD', 130.00, '2025-11-18'),
  ('FRA', 'BCN', 115.00, '2025-10-25'),
  ('FRA', 'AMS', 105.00, '2025-11-04'),
  ('FRA', 'IST', 280.00, '2025-11-08'),
  ('FRA', 'JFK', 670.00, '2025-10-19'),
  ('MAD', 'BCN', 75.00, '2025-11-19'),
  ('MAD', 'IST', 290.00, '2025-10-29'),
  ('MAD', 'LAX', 770.00, '2025-12-05'),
  ('MAD', 'GRU', 1350.00, '2025-12-22'),
  ('MAD', 'SYD', 1780.00, '2025-11-02'),
  ('AMS', 'IST', 320.00, '2025-11-16'),
  ('AMS', 'HND', 970.00, '2025-10-11'),
  ('AMS', 'LHR', 150.00, '2025-11-23'),
  ('AMS', 'DXB', 620.00, '2025-11-17'),
  ('AMS', 'BCN', 100.00, '2025-12-19'),
  ('YYZ', 'JFK', 160.00, '2025-11-06'),
  ('YYZ', 'CDG', 670.00, '2025-10-26'),
  ('YYZ', 'SFO', 410.00, '2025-11-13'),
  ('YYZ', 'MEX', 310.00, '2025-11-30'),
  ('YYZ', 'IST', 740.00, '2025-12-03'),
  ('GRU', 'MAD', 1230.00, '2025-11-13'),
  ('GRU', 'AMS', 1110.00, '2025-11-21'),
  ('GRU', 'LAX', 1320.00, '2025-12-06'),
  ('GRU', 'DXB', 1850.00, '2025-10-16'),
  ('GRU', 'BCN', 990.00, '2025-11-09'),
  ('JNB', 'IST', 700.00, '2025-10-07'),
  ('JNB', 'SIN', 930.00, '2025-11-11'),
  ('JNB', 'CDG', 880.00, '2025-12-13'),
  ('JNB', 'LHR', 960.00, '2025-10-02'),
  ('JNB', 'GRU', 1090.00, '2025-11-27'),
  ('IST', 'LHR', 410.00, '2025-10-09'),
  ('IST', 'JFK', 640.00, '2025-11-26'),
  ('IST', 'DXB', 370.00, '2025-11-26'),
  ('IST', 'SYD', 1450.00, '2025-12-17'),
  ('IST', 'AMS', 335.00, '2025-11-20'),
  ('LHR', 'JFK', 410.00, '2025-12-20'),
  ('LHR', 'JFK', 1500.00, '2025-12-25'), -- anomaly
  ('LHR', 'JFK', 399.99, '2025-12-28'),
  ('LHR', 'JFK', 50.00, '2025-12-30'),   -- anomaly
  ('LHR', 'JFK', 470.00, '2026-01-05'),
  ('LHR', 'JFK', 800.00, '2026-01-10'),  -- anomaly
  ('LHR', 'JFK', 430.00, '2026-01-15'),
  ('JFK', 'CDG', 510.00, '2025-12-18'),
  ('JFK', 'CDG', 2000.00, '2025-12-22'), -- anomaly
  ('JFK', 'CDG', 480.00, '2025-12-29'),
  ('JFK', 'CDG', 100.00, '2026-01-02'),  -- anomaly
  ('JFK', 'CDG', 530.00, '2026-01-07'),
  ('JFK', 'CDG', 495.00, '2026-01-12'),
  ('CDG', 'DXB', 610.00, '2025-12-23'),
  ('CDG', 'DXB', 200.00, '2025-12-27'),  -- anomaly
  ('CDG', 'DXB', 700.00, '2026-01-03'),  -- anomaly
  ('CDG', 'DXB', 620.00, '2026-01-08'),
  ('CDG', 'DXB', 590.00, '2026-01-13'),
  ('DXB', 'LHR', 710.00, '2025-12-28'),
  ('DXB', 'LHR', 100.00, '2026-01-01'),  -- anomaly
  ('DXB', 'LHR', 750.00, '2026-01-06'),  -- anomaly
  ('DXB', 'LHR', 690.00, '2026-01-11'),
  ('HND', 'SIN', 360.00, '2025-12-12'),
  ('HND', 'SIN', 900.00, '2025-12-19'),  -- anomaly
  ('HND', 'SIN', 355.00, '2025-12-26'),
  ('HND', 'SIN', 100.00, '2026-01-02'),  -- anomaly
  ('HND', 'SIN', 375.00, '2026-01-09'),
  ('SIN', 'SYD', 410.00, '2025-12-14'),
  ('SIN', 'SYD', 50.00, '2025-12-21'),   -- anomaly
  ('SIN', 'SYD', 430.00, '2025-12-28'),
  ('SIN', 'SYD', 1200.00, '2026-01-04'), -- anomaly
  ('SIN', 'SYD', 395.00, '2026-01-11'),
  ('SYD', 'FRA', 810.00, '2025-12-16'),
  ('SYD', 'FRA', 2000.00, '2025-12-23'), -- anomaly
  ('SYD', 'FRA', 790.00, '2025-12-30'),
  ('SYD', 'FRA', 100.00, '2026-01-06'),  -- anomaly
  ('SYD', 'FRA', 830.00, '2026-01-13'),
  ('FRA', 'AMS', 125.00, '2025-12-18'),
  ('FRA', 'AMS', 500.00, '2025-12-25'),  -- anomaly
  ('FRA', 'AMS', 115.00, '2026-01-01'),
  ('FRA', 'AMS', 60.00, '2026-01-08'),   -- anomaly
  ('FRA', 'AMS', 135.00, '2026-01-15'),
  ('AMS', 'MAD', 135.00, '2025-12-20'),
  ('AMS', 'MAD', 700.00, '2025-12-27'),  -- anomaly
  ('AMS', 'MAD', 120.00, '2026-01-03'),
  ('AMS', 'MAD', 80.00, '2026-01-10'),   -- anomaly
  ('AMS', 'MAD', 145.00, '2026-01-17'),
  ('MAD', 'YYZ', 660.00, '2025-12-22'),
  ('MAD', 'YYZ', 2000.00, '2025-12-29'), -- anomaly
  ('MAD', 'YYZ', 630.00, '2026-01-05'),
  ('MAD', 'YYZ', 100.00, '2026-01-12'),  -- anomaly
  ('MAD', 'YYZ', 680.00, '2026-01-19'),
  ('YYZ', 'GRU', 910.00, '2025-12-24'),
  ('YYZ', 'GRU', 100.00, '2025-12-31'),  -- anomaly
  ('YYZ', 'GRU', 960.00, '2026-01-07'),
  ('YYZ', 'GRU', 2000.00, '2026-01-14'), -- anomaly
  ('YYZ', 'GRU', 890.00, '2026-01-21'),
  ('GRU', 'JNB', 960.00, '2025-12-26'),
  ('GRU', 'JNB', 100.00, '2026-01-02'),  -- anomaly
  ('GRU', 'JNB', 980.00, '2026-01-09'),
  ('GRU', 'JNB', 2000.00, '2026-01-16'), -- anomaly
  ('GRU', 'JNB', 940.00, '2026-01-23'),
  ('LHR', 'SYD', 1200.00, '2025-12-15'),
  ('LHR', 'SYD', 100.00, '2025-12-22'),  -- anomaly
  ('LHR', 'SYD', 1300.00, '2025-12-29'),
  ('LHR', 'SYD', 2000.00, '2026-01-05'), -- anomaly
  ('LHR', 'SYD', 1100.00, '2026-01-12');
