INSERT IGNORE INTO destinations (id, city, country, climate) VALUES
  (1, 'London', 'United Kingdom', 'Temperate'),
  (2, 'New York', 'United States', 'Temperate'),
  (3, 'Paris', 'France', 'Temperate'),
  (4, 'Dubai', 'United Arab Emirates', 'Desert'),
  (5, 'Tokyo', 'Japan', 'Humid Subtropical'),
  (6, 'Singapore', 'Singapore', 'Tropical'),
  (7, 'Sydney', 'Australia', 'Temperate'),
  (8, 'Frankfurt', 'Germany', 'Temperate'),
  (9, 'Amsterdam', 'Netherlands', 'Temperate'),
  (10, 'Madrid', 'Spain', 'Mediterranean'),
  (11, 'Toronto', 'Canada', 'Continental'),
  (12, 'São Paulo', 'Brazil', 'Tropical'),
  (13, 'Johannesburg', 'South Africa', 'Subtropical Highland'),
  (14, 'Istanbul', 'Turkey', 'Mediterranean'),
  (15, 'San Francisco', 'United States', 'Mediterranean'),
  (16, 'Los Angeles', 'United States', 'Mediterranean'),
  (17, 'Mexico City', 'Mexico', 'Subtropical Highland'),
  (18, 'Mumbai', 'India', 'Tropical Wet and Dry'),
  (19, 'Seoul', 'South Korea', 'Humid Continental'),
  (20, 'Barcelona', 'Spain', 'Mediterranean'),
  (21, 'Beijing', 'China', 'Continental'),
  (22, 'Cape Town', 'South Africa', 'Mediterranean'),
  (23, 'Moscow', 'Russia', 'Continental'),
  (24, 'Rome', 'Italy', 'Mediterranean'),
  (25, 'Zurich', 'Switzerland', 'Temperate'),
  (26, 'Delhi', 'India', 'Humid Subtropical'),
  (27, 'Bangkok', 'Thailand', 'Tropical Savanna'),
  (28, 'Kuala Lumpur', 'Malaysia', 'Tropical Rainforest'),
  (29, 'Doha', 'Qatar', 'Desert'),
  (30, 'Auckland', 'New Zealand', 'Oceanic'),
  (31, 'Santiago', 'Chile', 'Mediterranean'),
  (32, 'Lima', 'Peru', 'Desert'),
  (33, 'Cairo', 'Egypt', 'Desert'),
  (34, 'Oslo', 'Norway', 'Continental'),
  (35, 'Stockholm', 'Sweden', 'Continental'),
  (36, 'Helsinki', 'Finland', 'Continental'),
  (37, 'Vienna', 'Austria', 'Oceanic'),
  (38, 'Budapest', 'Hungary', 'Continental'),
  (39, 'Warsaw', 'Poland', 'Continental'),
  (40, 'Prague', 'Czech Republic', 'Oceanic'),
  (41, 'Lisbon', 'Portugal', 'Mediterranean'),
  (42, 'Brussels', 'Belgium', 'Oceanic'),
  (43, 'Dublin', 'Ireland', 'Oceanic'),
  (44, 'Copenhagen', 'Denmark', 'Oceanic'),
  (45, 'Athens', 'Greece', 'Mediterranean'),
  (46, 'Istanbul', 'Turkey', 'Mediterranean'),
  (47, 'Tel Aviv', 'Israel', 'Mediterranean'),
  (48, 'Riyadh', 'Saudi Arabia', 'Desert'),
  (49, 'Jakarta', 'Indonesia', 'Tropical Rainforest'),
  (50, 'Manila', 'Philippines', 'Tropical Rainforest'),
  (51, 'Buenos Aires', 'Argentina', 'Humid Subtropical'),
  (52, 'Montreal', 'Canada', 'Continental'),
  (53, 'Hanoi', 'Vietnam', 'Humid Subtropical'),
  (54, 'Casablanca', 'Morocco', 'Mediterranean'),
  (55, 'Reykjavik', 'Iceland', 'Subpolar Oceanic'),
  (56, 'Edinburgh', 'United Kingdom', 'Oceanic'),
  (57, 'Glasgow', 'United Kingdom', 'Oceanic'),
  (58, 'Valencia', 'Spain', 'Mediterranean'),
  (59, 'Naples', 'Italy', 'Mediterranean'),
  (60, 'Venice', 'Italy', 'Humid Subtropical'),
  (61, 'Bucharest', 'Romania', 'Continental'),
  (62, 'Tallinn', 'Estonia', 'Continental'),
  (63, 'Riga', 'Latvia', 'Continental'),
  (64, 'Vilnius', 'Lithuania', 'Continental'),
  (65, 'Bratislava', 'Slovakia', 'Continental'),
  (66, 'Ljubljana', 'Slovenia', 'Oceanic'),
  (67, 'Krakow', 'Poland', 'Continental'),
  (68, 'Belgrade', 'Serbia', 'Continental'),
  (69, 'Sofia', 'Bulgaria', 'Continental'),
  (70, 'Tunis', 'Tunisia', 'Mediterranean'),
  (71, 'Addis Ababa', 'Ethiopia', 'Subtropical Highland'),
  (72, 'Nairobi', 'Kenya', 'Subtropical Highland'),
  (73, 'Lagos', 'Nigeria', 'Tropical Wet and Dry'),
  (74, 'Accra', 'Ghana', 'Tropical Wet and Dry'),
  (75, 'Dakar', 'Senegal', 'Semi-Arid'),
  (76, 'Algiers', 'Algeria', 'Mediterranean'),
  (77, 'Havana', 'Cuba', 'Tropical Savanna'),
  (78, 'Kingston', 'Jamaica', 'Tropical Savanna'),
  (79, 'Port of Spain', 'Trinidad and Tobago', 'Tropical Rainforest'),
  (80, 'Panama City', 'Panama', 'Tropical Rainforest'),
  (81, 'San José', 'Costa Rica', 'Tropical Rainforest'),
  (82, 'Guatemala City', 'Guatemala', 'Tropical Savanna'),
  (83, 'Quito', 'Ecuador', 'Subtropical Highland'),
  (84, 'La Paz', 'Bolivia', 'Subtropical Highland'),
  (85, 'Bogotá', 'Colombia', 'Subtropical Highland'),
  (86, 'Medellín', 'Colombia', 'Tropical Rainforest'),
  (87, 'Caracas', 'Venezuela', 'Tropical Savanna'),
  (88, 'Montevideo', 'Uruguay', 'Humid Subtropical'),
  (89, 'Christchurch', 'New Zealand', 'Oceanic'),
  (90, 'Perth', 'Australia', 'Mediterranean'),
  (91, 'Melbourne', 'Australia', 'Oceanic'),
  (92, 'Brisbane', 'Australia', 'Humid Subtropical'),
  (93, 'Adelaide', 'Australia', 'Mediterranean'),
  (94, 'Ho Chi Minh City', 'Vietnam', 'Tropical Savanna'),
  (95, 'Phnom Penh', 'Cambodia', 'Tropical Savanna'),
  (96, 'Yangon', 'Myanmar', 'Tropical Monsoon'),
  (97, 'Kathmandu', 'Nepal', 'Subtropical Highland'),
  (98, 'Colombo', 'Sri Lanka', 'Tropical Rainforest'),
  (99, 'Karachi', 'Pakistan', 'Desert'),
  (100, 'Tehran', 'Iran', 'Semi-Arid');

-- Destination Tags

INSERT IGNORE INTO destination_tags (destination_id, tags) VALUES
  (1, 'historic'), (1, 'cosmopolitan'), (1, 'multicultural'), (1, 'business'), (1, 'finance'),
  (2, 'shopping'), (2, 'skyscrapers'), (2, 'multicultural'), (2, 'business'), (2, 'nightlife'),
  (3, 'romantic'), (3, 'art'), (3, 'historic'), (3, 'fashion'),
  (4, 'luxury'), (4, 'desert'), (4, 'shopping'), (4, 'modern'),
  (5, 'technology'), (5, 'culture'), (5, 'clean'), (5, 'food'), (5, 'anime'),
  (6, 'clean'), (6, 'food'), (6, 'business'), (6, 'modern'),
  (7, 'beaches'), (7, 'outdoors'), (7, 'harbor'), (7, 'opera'),
  (8, 'business'), (8, 'finance'), (8, 'airport hub'),
  (9, 'canals'), (9, 'bicycles'), (9, 'design'),
  (10, 'sunny'), (10, 'art'), (10, 'football'),
  (11, 'multicultural'), (11, 'nature'), (11, 'finance'),
  (12, 'vibrant'), (12, 'nightlife'), (12, 'crowded'),
  (13, 'wildlife'), (13, 'adventure'), (13, 'safari'),
  (14, 'historic'), (14, 'bazaars'), (14, 'bridge'),
  (15, 'tech'), (15, 'bay'), (15, 'startups'),
  (16, 'movies'), (16, 'beaches'), (16, 'glamour'),
  (17, 'culture'), (17, 'altitude'), (17, 'vibrant'),
  (18, 'bollywood'), (18, 'monsoon'), (18, 'vibrant'),
  (19, 'modern'), (19, 'palaces'), (19, 'technology'),
  (20, 'architecture'), (20, 'beaches'), (20, 'art'),
  (21, 'historic'), (21, 'capital'), (21, 'culture'),
  (22, 'nature'), (22, 'beaches'), (22, 'mountains'),
  (23, 'historic'), (23, 'cold'), (23, 'capital'),
  (24, 'historic'), (24, 'art'), (24, 'food'),
  (25, 'finance'), (25, 'clean'), (25, 'mountains'),
  (26, 'crowded'), (26, 'historic'), (26, 'spicy food'),
  (27, 'nightlife'), (27, 'food'), (27, 'temples'),
  (28, 'shopping'), (28, 'food'), (28, 'modern'),
  (29, 'luxury'), (29, 'desert'), (29, 'modern'),
  (30, 'nature'), (30, 'islands'), (30, 'adventure'),
  (31, 'mountains'), (31, 'wine'), (31, 'culture'),
  (32, 'historic'), (32, 'food'), (32, 'desert'),
  (33, 'pyramids'), (33, 'historic'), (33, 'desert'),
  (34, 'fjords'), (34, 'nature'), (34, 'cold'),
  (35, 'islands'), (35, 'design'), (35, 'cold'),
  (36, 'sauna'), (36, 'nature'), (36, 'cold'),
  (37, 'music'), (37, 'historic'), (37, 'art'),
  (38, 'spas'), (38, 'historic'), (38, 'nightlife'),
  (39, 'historic'), (39, 'modern'), (39, 'culture'),
  (40, 'historic'), (40, 'beer'), (40, 'architecture'),
  (41, 'beaches'), (41, 'music'), (41, 'historic'),
  (42, 'chocolate'), (42, 'beer'), (42, 'capital'),
  (43, 'pubs'), (43, 'music'), (43, 'green'),
  (44, 'design'), (44, 'bicycles'), (44, 'harbor'),
  (45, 'islands'), (45, 'historic'), (45, 'food'),
  (46, 'historic'), (46, 'bazaars'), (46, 'bridge'),
  (47, 'beaches'), (47, 'nightlife'), (47, 'tech'),
  (48, 'desert'), (48, 'modern'), (48, 'oil'),
  (49, 'crowded'), (49, 'food'), (49, 'islands'),
  (50, 'islands'), (50, 'food'), (50, 'crowded'),
  (51, 'tango'), (51, 'food'), (51, 'historic'),
  (52, 'french'), (52, 'cold'), (52, 'culture'),
  (53, 'historic'), (53, 'food'), (53, 'temples'),
  (54, 'markets'), (54, 'historic'), (54, 'coast'),
  (55, 'northern lights'), (55, 'volcanoes'), (55, 'cold'),
  (56, 'castles'), (56, 'historic'), (56, 'literature'),
  (57, 'music'), (57, 'football'), (57, 'historic'),
  (58, 'beaches'), (58, 'food'), (58, 'art'),
  (59, 'historic'), (59, 'pizza'), (59, 'coast'),
  (60, 'canals'), (60, 'historic'), (60, 'romantic'),
  (61, 'historic'), (61, 'culture'), (61, 'crowded'),
  (62, 'medieval'), (62, 'harbor'), (62, 'cold'),
  (63, 'baltic'), (63, 'culture'), (63, 'cold'),
  (64, 'baltic'), (64, 'baroque'), (64, 'historic'),
  (65, 'danube'), (65, 'historic'), (65, 'small capital'),
  (66, 'green'), (66, 'architecture'), (66, 'culture'),
  (67, 'historic'), (67, 'castles'), (67, 'culture'),
  (68, 'nightlife'), (68, 'river'), (68, 'historic'),
  (69, 'orthodox'), (69, 'historic'), (69, 'mountains'),
  (70, 'beaches'), (70, 'historic'), (70, 'desert'),
  (71, 'altitude'), (71, 'historic'), (71, 'culture'),
  (72, 'wildlife'), (72, 'safari'), (72, 'culture'),
  (73, 'crowded'), (73, 'markets'), (73, 'vibrant'),
  (74, 'beaches'), (74, 'music'), (74, 'markets'),
  (75, 'music'), (75, 'historic'), (75, 'coast'),
  (76, 'historic'), (76, 'coast'), (76, 'markets'),
  (77, 'music'), (77, 'historic'), (77, 'beaches'),
  (78, 'reggae'), (78, 'beaches'), (78, 'music'),
  (79, 'carnival'), (79, 'beaches'), (79, 'food'),
  (80, 'canal'), (80, 'historic'), (80, 'finance'),
  (81, 'rainforest'), (81, 'eco-tourism'), (81, 'beaches'),
  (82, 'historic'), (82, 'markets'), (82, 'culture'),
  (83, 'altitude'), (83, 'historic'), (83, 'volcanoes'),
  (84, 'mountains'), (84, 'altitude'), (84, 'historic'),
  (85, 'altitude'), (85, 'historic'), (85, 'culture'),
  (86, 'modern'), (86, 'music'), (86, 'mountains'),
  (87, 'historic'), (87, 'mountains'), (87, 'food'),
  (88, 'beaches'), (88, 'wine'), (88, 'culture'),
  (89, 'mountains'), (89, 'adventure'), (89, 'green'),
  (90, 'beaches'), (90, 'nature'), (90, 'modern'),
  (91, 'sports'), (91, 'culture'), (91, 'modern'),
  (92, 'beaches'), (92, 'wildlife'), (92, 'sunny'),
  (93, 'wine'), (93, 'beaches'), (93, 'historic'),
  (94, 'markets'), (94, 'motorbikes'), (94, 'food'),
  (95, 'temples'), (95, 'markets'), (95, 'food'),
  (96, 'pagodas'), (96, 'markets'), (96, 'historic'),
  (97, 'himalayas'), (97, 'temples'), (97, 'altitude'),
  (98, 'beaches'), (98, 'temples'), (98, 'culture'),
  (99, 'crowded'), (99, 'markets'), (99, 'port'),
  (100, 'historic'), (100, 'mountains'), (100, 'markets');

  
-- Airports
INSERT IGNORE INTO airports (code, name, destination_id) VALUES
  ('LHR', 'Heathrow Airport', 1),
  ('JFK', 'John F. Kennedy International Airport', 2),
  ('CDG', 'Charles de Gaulle Airport', 3),
  ('DXB', 'Dubai International Airport', 4),
  ('HND', 'Haneda Airport', 5),
  ('SIN', 'Changi Airport', 6),
  ('SYD', 'Sydney Kingsford Smith Airport', 7),
  ('FRA', 'Frankfurt Airport', 8),
  ('AMS', 'Amsterdam Schiphol Airport', 9),
  ('MAD', 'Adolfo Suárez Madrid-Barajas Airport', 10),
  ('YYZ', 'Toronto Pearson International Airport', 11),
  ('GRU', 'São Paulo-Guarulhos International Airport', 12),
  ('JNB', 'O. R. Tambo International Airport', 13),
  ('IST', 'Istanbul Airport', 14),
  ('SFO', 'San Francisco International Airport', 15),
  ('LAX', 'Los Angeles International Airport', 16),
  ('MEX', 'Mexico City International Airport', 17),
  ('BOM', 'Chhatrapati Shivaji Maharaj International Airport', 18),
  ('ICN', 'Incheon International Airport', 19),
  ('BCN', 'Barcelona-El Prat Airport', 20),
  ('PEK', 'Beijing Capital International Airport', 21),
  ('CPT', 'Cape Town International Airport', 22),
  ('SVO', 'Sheremetyevo International Airport', 23),
  ('FCO', 'Leonardo da Vinci–Fiumicino Airport', 24),
  ('ZRH', 'Zurich Airport', 25),
  ('DEL', 'Indira Gandhi International Airport', 26),
  ('BKK', 'Suvarnabhumi Airport', 27),
  ('KUL', 'Kuala Lumpur International Airport', 28),
  ('DOH', 'Hamad International Airport', 29),
  ('AKL', 'Auckland Airport', 30),
  ('SCL', 'Comodoro Arturo Merino Benítez International Airport', 31),
  ('LIM', 'Jorge Chávez International Airport', 32),
  ('CAI', 'Cairo International Airport', 33),
  ('OSL', 'Oslo Gardermoen Airport', 34),
  ('ARN', 'Stockholm Arlanda Airport', 35),
  ('HEL', 'Helsinki-Vantaa Airport', 36),
  ('VIE', 'Vienna International Airport', 37),
  ('BUD', 'Budapest Ferenc Liszt International Airport', 38),
  ('WAW', 'Warsaw Chopin Airport', 39),
  ('PRG', 'Václav Havel Airport Prague', 40),
  ('LIS', 'Humberto Delgado Airport', 41),
  ('BRU', 'Brussels Airport', 42),
  ('DUB', 'Dublin Airport', 43),
  ('CPH', 'Copenhagen Airport', 44),
  ('ATH', 'Athens International Airport', 45),
  ('SAW', 'Sabiha Gökçen International Airport', 46),
  ('TLV', 'Ben Gurion Airport', 47),
  ('RUH', 'King Khalid International Airport', 48),
  ('CGK', 'Soekarno–Hatta International Airport', 49),
  ('MNL', 'Ninoy Aquino International Airport', 50),
  ('EZE', 'Ministro Pistarini International Airport', 51),
  ('YUL', 'Montréal–Trudeau International Airport', 52),
  ('HAN', 'Noi Bai International Airport', 53),
  ('CMN', 'Mohammed V International Airport', 54),
  ('KEF', 'Keflavík International Airport', 55),
  ('EDI', 'Edinburgh Airport', 56),
  ('GLA', 'Glasgow Airport', 57),
  ('VLC', 'Valencia Airport', 58),
  ('NAP', 'Naples International Airport', 59),
  ('VCE', 'Venice Marco Polo Airport', 60),
  ('OTP', 'Henri Coandă International Airport', 61),
  ('TLL', 'Lennart Meri Tallinn Airport', 62),
  ('RIX', 'Riga International Airport', 63),
  ('VNO', 'Vilnius Airport', 64),
  ('BTS', 'Bratislava Airport', 65),
  ('LJU', 'Ljubljana Jože Pučnik Airport', 66),
  ('KRK', 'Kraków John Paul II International Airport', 67),
  ('BEG', 'Belgrade Nikola Tesla Airport', 68),
  ('SOF', 'Sofia Airport', 69),
  ('TUN', 'Tunis–Carthage International Airport', 70),
  ('ADD', 'Addis Ababa Bole International Airport', 71),
  ('NBO', 'Jomo Kenyatta International Airport', 72),
  ('LOS', 'Murtala Muhammed International Airport', 73),
  ('ACC', 'Kotoka International Airport', 74),
  ('DKR', 'Blaise Diagne International Airport', 75),
  ('ALG', 'Houari Boumediene Airport', 76),
  ('HAV', 'José Martí International Airport', 77),
  ('KIN', 'Norman Manley International Airport', 78),
  ('POS', 'Piarco International Airport', 79),
  ('PTY', 'Tocumen International Airport', 80),
  ('SJO', 'Juan Santamaría International Airport', 81),
  ('GUA', 'La Aurora International Airport', 82),
  ('UIO', 'Mariscal Sucre International Airport', 83),
  ('LPB', 'El Alto International Airport', 84),
  ('BOG', 'El Dorado International Airport', 85),
  ('MDE', 'José María Córdova International Airport', 86),
  ('CCS', 'Simón Bolívar International Airport', 87),
  ('MVD', 'Carrasco International Airport', 88),
  ('CHC', 'Christchurch International Airport', 89),
  ('PER', 'Perth Airport', 90),
  ('MEL', 'Melbourne Airport', 91),
  ('BNE', 'Brisbane Airport', 92),
  ('ADL', 'Adelaide Airport', 93),
  ('SGN', 'Tan Son Nhat International Airport', 94),
  ('PNH', 'Phnom Penh International Airport', 95),
  ('RGN', 'Yangon International Airport', 96),
  ('KTM', 'Tribhuvan International Airport', 97),
  ('CMB', 'Bandaranaike International Airport', 98),
  ('KHI', 'Jinnah International Airport', 99),
  ('IKA', 'Imam Khomeini International Airport', 100);

-- Flights
INSERT IGNORE INTO flights (departure_airport_id, arrival_airport_id, price, departure_date) VALUES
  ('LHR', 'JFK', 450.00, '2025-12-10'),
  ('LHR', 'JFK', 480.00, '2025-12-17'),
  ('LHR', 'JFK', 420.00, '2025-12-01'),
  ('JFK', 'CDG', 500.00, '2025-12-15'),
  ('JFK', 'CDG', 520.00, '2025-12-05'),
  ('JFK', 'CDG', 495.00, '2025-11-20'),
  ('CDG', 'DXB', 600.00, '2025-12-20'),
  ('CDG', 'DXB', 650.00, '2025-11-10'),
  ('CDG', 'DXB', 590.00, '2025-11-25'),
  ('DXB', 'LHR', 700.00, '2025-12-25'),
  ('DXB', 'LHR', 720.00, '2025-11-15'),
  ('DXB', 'LHR', 680.00, '2025-10-01'),
  ('HND', 'SIN', 350.00, '2025-11-01'),
  ('HND', 'SIN', 370.00, '2025-11-15'),
  ('HND', 'SIN', 340.00, '2025-10-01'),
  ('SIN', 'SYD', 400.00, '2025-11-05'),
  ('SIN', 'SYD', 420.00, '2025-11-20'),
  ('SIN', 'SYD', 390.00, '2025-10-05'),
  ('SYD', 'FRA', 800.00, '2025-11-10'),
  ('SYD', 'FRA', 820.00, '2025-11-25'),
  ('SYD', 'FRA', 780.00, '2025-10-10'),
  ('FRA', 'AMS', 120.00, '2025-11-12'),
  ('FRA', 'AMS', 130.00, '2025-11-27'),
  ('FRA', 'AMS', 110.00, '2025-10-12'),
  ('AMS', 'MAD', 130.00, '2025-11-15'),
  ('AMS', 'MAD', 140.00, '2025-11-30'),
  ('AMS', 'MAD', 125.00, '2025-10-15'),
  ('MAD', 'YYZ', 650.00, '2025-11-18'),
  ('MAD', 'YYZ', 670.00, '2025-10-03'),
  ('MAD', 'YYZ', 640.00, '2025-10-18'),
  ('YYZ', 'GRU', 900.00, '2025-11-20'),
  ('YYZ', 'GRU', 950.00, '2025-10-05'),
  ('YYZ', 'GRU', 880.00, '2025-10-20'),
  ('GRU', 'JNB', 950.00, '2025-11-25'),
  ('GRU', 'JNB', 970.00, '2025-10-10'),
  ('GRU', 'JNB', 930.00, '2025-10-25'),
  ('JNB', 'IST', 700.00, '2025-11-28'),
  ('JNB', 'IST', 720.00, '2025-10-13'),
  ('JNB', 'IST', 690.00, '2025-10-28'),
  ('IST', 'SFO', 1100.00, '2025-10-01'),
  ('IST', 'SFO', 1150.00, '2025-10-16'),
  ('IST', 'SFO', 1080.00, '2025-10-31'),
  ('SFO', 'LAX', 90.00, '2025-10-03'),
  ('SFO', 'LAX', 95.00, '2025-10-18'),
  ('SFO', 'LAX', 85.00, '2025-11-02'),
  ('LAX', 'MEX', 200.00, '2025-10-05'),
  ('LAX', 'MEX', 210.00, '2025-10-20'),
  ('LAX', 'MEX', 190.00, '2025-11-04'),
  ('MEX', 'BOM', 1200.00, '2025-10-10'),
  ('MEX', 'BOM', 1250.00, '2025-10-25'),
  ('MEX', 'BOM', 1180.00, '2025-11-09'),
  ('BOM', 'ICN', 800.00, '2025-10-15'),
  ('BOM', 'ICN', 850.00, '2025-10-30'),
  ('BOM', 'ICN', 780.00, '2025-11-14'),
  ('ICN', 'BCN', 950.00, '2025-10-20'),
  ('ICN', 'BCN', 970.00, '2025-11-04'),
  ('ICN', 'BCN', 930.00, '2025-11-19'),
  ('BCN', 'LHR', 300.00, '2025-10-25'),
  ('BCN', 'LHR', 320.00, '2025-11-09'),
  ('BCN', 'LHR', 290.00, '2025-11-24'),
  ('LHR', 'JFK', 450.00, '2025-11-01'),
  ('LHR', 'JFK', 999.99, '2025-12-24'),
  ('LHR', 'CDG', 120.00, '2025-11-15'),
  ('LHR', 'CDG', 60.00, '2025-10-01'),
  ('LHR', 'DXB', 520.00, '2025-11-01'),
  ('LHR', 'SIN', 860.00, '2025-11-12'),
  ('LHR', 'FRA', 95.00, '2025-11-08'),
  ('LHR', 'BCN', 130.00, '2025-11-29'),
  ('JFK', 'LHR', 470.00, '2025-11-02'),
  ('JFK', 'SFO', 180.00, '2025-11-10'),
  ('JFK', 'SFO', 650.00, '2025-12-15'),
  ('JFK', 'BCN', 380.00, '2025-10-05'),
  ('JFK', 'CDG', 420.00, '2025-11-17'),
  ('JFK', 'MEX', 250.00, '2025-11-04'),
  ('CDG', 'AMS', 95.00, '2025-11-03'),
  ('CDG', 'FRA', 115.00, '2025-11-06'),
  ('CDG', 'SIN', 1050.00, '2025-11-11'),
  ('CDG', 'IST', 315.00, '2025-10-08'),
  ('CDG', 'LAX', 875.00, '2025-12-10'),
  ('DXB', 'HND', 900.00, '2025-11-20'),
  ('DXB', 'LHR', 470.00, '2025-11-27'),
  ('DXB', 'SYD', 1120.00, '2025-10-30'),
  ('DXB', 'JNB', 670.00, '2025-11-14'),
  ('DXB', 'ICN', 880.00, '2025-11-19'),
  ('SFO', 'LAX', 110.00, '2025-11-09'),
  ('SFO', 'JFK', 210.00, '2025-10-20'),
  ('SFO', 'IST', 820.00, '2025-11-25'),
  ('SFO', 'HND', 945.00, '2025-10-12'),
  ('SFO', 'SYD', 1420.00, '2025-12-18'),
  ('LAX', 'BCN', 500.00, '2025-10-10'),
  ('LAX', 'MEX', 230.00, '2025-11-17'),
  ('LAX', 'YYZ', 460.00, '2025-10-05'),
  ('LAX', 'JNB', 1030.00, '2025-11-07'),
  ('LAX', 'ICN', 890.00, '2025-11-23'),
  ('BOM', 'DXB', 275.00, '2025-11-15'),
  ('BOM', 'SIN', 410.00, '2025-10-22'),
  ('BOM', 'IST', 370.00, '2025-11-28'),
  ('BOM', 'AMS', 530.00, '2025-11-03'),
  ('BOM', 'YYZ', 980.00, '2025-12-01'),
  ('ICN', 'HND', 140.00, '2025-10-03'),
  ('ICN', 'SYD', 760.00, '2025-12-01'),
  ('ICN', 'SIN', 280.00, '2025-11-12'),
  ('ICN', 'CDG', 830.00, '2025-11-15'),
  ('ICN', 'GRU', 2100.00, '2025-12-20'),
  ('SYD', 'YYZ', 1900.00, '2025-11-25'),
  ('SYD', 'SIN', 700.00, '2025-11-07'),
  ('SYD', 'JNB', 800.00, '2025-10-04'),
  ('SYD', 'LHR', 1220.00, '2025-12-11'),
  ('SYD', 'SFO', 1380.00, '2025-11-30'),
  ('SIN', 'GRU', 2100.00, '2025-11-30'),
  ('SIN', 'BCN', 820.00, '2025-11-19'),
  ('SIN', 'CDG', 890.00, '2025-10-14'),
  ('SIN', 'HND', 310.00, '2025-11-05'),
  ('SIN', 'MEX', 1800.00, '2025-12-08'),
  ('FRA', 'MAD', 130.00, '2025-11-18'),
  ('FRA', 'BCN', 115.00, '2025-10-25'),
  ('FRA', 'AMS', 105.00, '2025-11-04'),
  ('FRA', 'IST', 280.00, '2025-11-08'),
  ('FRA', 'JFK', 670.00, '2025-10-19'),
  ('MAD', 'BCN', 75.00, '2025-11-19'),
  ('MAD', 'IST', 290.00, '2025-10-29'),
  ('MAD', 'LAX', 770.00, '2025-12-05'),
  ('MAD', 'GRU', 1350.00, '2025-12-22'),
  ('MAD', 'SYD', 1780.00, '2025-11-02'),
  ('AMS', 'IST', 320.00, '2025-11-16'),
  ('AMS', 'HND', 970.00, '2025-10-11'),
  ('AMS', 'LHR', 150.00, '2025-11-23'),
  ('AMS', 'DXB', 620.00, '2025-11-17'),
  ('AMS', 'BCN', 100.00, '2025-12-19'),
  ('YYZ', 'JFK', 160.00, '2025-11-06'),
  ('YYZ', 'CDG', 670.00, '2025-10-26'),
  ('YYZ', 'SFO', 410.00, '2025-11-13'),
  ('YYZ', 'MEX', 310.00, '2025-11-30'),
  ('YYZ', 'IST', 740.00, '2025-12-03'),
  ('GRU', 'MAD', 1230.00, '2025-11-13'),
  ('GRU', 'AMS', 1110.00, '2025-11-21'),
  ('GRU', 'LAX', 1320.00, '2025-12-06'),
  ('GRU', 'DXB', 1850.00, '2025-10-16'),
  ('GRU', 'BCN', 990.00, '2025-11-09'),
  ('JNB', 'IST', 700.00, '2025-10-07'),
  ('JNB', 'SIN', 930.00, '2025-11-11'),
  ('JNB', 'CDG', 880.00, '2025-12-13'),
  ('JNB', 'LHR', 960.00, '2025-10-02'),
  ('JNB', 'GRU', 1090.00, '2025-11-27'),
  ('IST', 'LHR', 410.00, '2025-10-09'),
  ('IST', 'JFK', 640.00, '2025-11-26'),
  ('IST', 'DXB', 370.00, '2025-11-26'),
  ('IST', 'SYD', 1450.00, '2025-12-17'),
  ('IST', 'AMS', 335.00, '2025-11-20'),
  ('LHR', 'JFK', 410.00, '2025-12-20'),
  ('LHR', 'JFK', 1500.00, '2025-12-25'), -- anomaly
  ('LHR', 'JFK', 399.99, '2025-12-28'),
  ('LHR', 'JFK', 50.00, '2025-12-30'),   -- anomaly
  ('LHR', 'JFK', 470.00, '2026-01-05'),
  ('LHR', 'JFK', 800.00, '2026-01-10'),  -- anomaly
  ('LHR', 'JFK', 430.00, '2026-01-15'),
  ('JFK', 'CDG', 510.00, '2025-12-18'),
  ('JFK', 'CDG', 2000.00, '2025-12-22'), -- anomaly
  ('JFK', 'CDG', 480.00, '2025-12-29'),
  ('JFK', 'CDG', 100.00, '2026-01-02'),  -- anomaly
  ('JFK', 'CDG', 530.00, '2026-01-07'),
  ('JFK', 'CDG', 495.00, '2026-01-12'),
  ('CDG', 'DXB', 610.00, '2025-12-23'),
  ('CDG', 'DXB', 200.00, '2025-12-27'),  -- anomaly
  ('CDG', 'DXB', 700.00, '2026-01-03'),  -- anomaly
  ('CDG', 'DXB', 620.00, '2026-01-08'),
  ('CDG', 'DXB', 590.00, '2026-01-13'),
  ('DXB', 'LHR', 710.00, '2025-12-28'),
  ('DXB', 'LHR', 100.00, '2026-01-01'),  -- anomaly
  ('DXB', 'LHR', 750.00, '2026-01-06'),  -- anomaly
  ('DXB', 'LHR', 690.00, '2026-01-11'),
  ('HND', 'SIN', 360.00, '2025-12-12'),
  ('HND', 'SIN', 900.00, '2025-12-19'),  -- anomaly
  ('HND', 'SIN', 355.00, '2025-12-26'),
  ('HND', 'SIN', 100.00, '2026-01-02'),  -- anomaly
  ('HND', 'SIN', 375.00, '2026-01-09'),
  ('SIN', 'SYD', 410.00, '2025-12-14'),
  ('SIN', 'SYD', 50.00, '2025-12-21'),   -- anomaly
  ('SIN', 'SYD', 430.00, '2025-12-28'),
  ('SIN', 'SYD', 1200.00, '2026-01-04'), -- anomaly
  ('SIN', 'SYD', 395.00, '2026-01-11'),
  ('SYD', 'FRA', 810.00, '2025-12-16'),
  ('SYD', 'FRA', 2000.00, '2025-12-23'), -- anomaly
  ('SYD', 'FRA', 790.00, '2025-12-30'),
  ('SYD', 'FRA', 100.00, '2026-01-06'),  -- anomaly
  ('SYD', 'FRA', 830.00, '2026-01-13'),
  ('FRA', 'AMS', 125.00, '2025-12-18'),
  ('FRA', 'AMS', 500.00, '2025-12-25'),  -- anomaly
  ('FRA', 'AMS', 115.00, '2026-01-01'),
  ('FRA', 'AMS', 60.00, '2026-01-08'),   -- anomaly
  ('FRA', 'AMS', 135.00, '2026-01-15'),
  ('AMS', 'MAD', 135.00, '2025-12-20'),
  ('AMS', 'MAD', 700.00, '2025-12-27'),  -- anomaly
  ('AMS', 'MAD', 120.00, '2026-01-03'),
  ('AMS', 'MAD', 80.00, '2026-01-10'),   -- anomaly
  ('AMS', 'MAD', 145.00, '2026-01-17'),
  ('MAD', 'YYZ', 660.00, '2025-12-22'),
  ('MAD', 'YYZ', 2000.00, '2025-12-29'), -- anomaly
  ('MAD', 'YYZ', 630.00, '2026-01-05'),
  ('MAD', 'YYZ', 100.00, '2026-01-12'),  -- anomaly
  ('MAD', 'YYZ', 680.00, '2026-01-19'),
  ('YYZ', 'GRU', 910.00, '2025-12-24'),
  ('YYZ', 'GRU', 100.00, '2025-12-31'),  -- anomaly
  ('YYZ', 'GRU', 960.00, '2026-01-07'),
  ('YYZ', 'GRU', 2000.00, '2026-01-14'), -- anomaly
  ('YYZ', 'GRU', 890.00, '2026-01-21'),
  ('GRU', 'JNB', 960.00, '2025-12-26'),
  ('GRU', 'JNB', 100.00, '2026-01-02'),  -- anomaly
  ('GRU', 'JNB', 980.00, '2026-01-09'),
  ('GRU', 'JNB', 2000.00, '2026-01-16'), -- anomaly
  ('GRU', 'JNB', 940.00, '2026-01-23'),
  ('LHR', 'SYD', 1200.00, '2025-12-15'),
  ('LHR', 'SYD', 100.00, '2025-12-22'),  -- anomaly
  ('LHR', 'SYD', 1300.00, '2025-12-29'),
  ('LHR', 'SYD', 2000.00, '2026-01-05'), -- anomaly
  ('LHR', 'SYD', 1100.00, '2026-01-12'),
  ('BKK', 'KRK', 279.60, '2025-11-13'),
  ('RGN', 'AKL', 608.22, '2025-11-13'),
  ('CMB', 'UIO', 730.35, '2025-12-23'),
  ('KUL', 'SAW', 562.30, '2025-12-09'),
  ('ZRH', 'EDI', 780.22, '2025-11-23'),
  ('SIN', 'CCS', 673.89, '2025-11-20'),
  ('LAX', 'HND', 1139.89, '2025-12-17'),
  ('HEL', 'CCS', 402.29, '2025-12-19'),
  ('LIM', 'SFO', 941.71, '2025-12-28'),
  ('ARN', 'AKL', 390.34, '2025-11-24'),
  ('LJU', 'DOH', 578.02, '2025-12-22'),
  ('FRA', 'NAP', 423.94, '2025-11-20'),
  ('DUB', 'LIM', 935.31, '2025-11-11'),
  ('LPB', 'ARN', 1068.45, '2025-12-27'),
  ('SAW', 'DKR', 333.56, '2025-11-04'),
  ('BNE', 'SJO', 265.21, '2025-11-03'),
  ('KIN', 'JNB', 571.99, '2025-11-02'),
  ('CMN', 'AMS', 678.11, '2025-12-31'),
  ('MAD', 'BNE', 1016.21, '2025-12-30'),
  ('GRU', 'POS', 241.69, '2025-12-08'),
  ('PER', 'ADD', 1039.88, '2025-12-03'),
  ('BEG', 'GRU', 652.45, '2025-12-24'),
  ('IST', 'VLC', 796.25, '2025-11-28'),
  ('LIS', 'KTM', 648.51, '2025-11-15'),
  ('CMB', 'DXB', 1125.85, '2025-11-12'),
  ('LIM', 'YUL', 373.80, '2025-11-20'),
  ('WAW', 'KUL', 957.14, '2025-11-05'),
  ('SYD', 'EDI', 447.15, '2025-11-30'),
  ('BNE', 'BEG', 751.83, '2025-12-04'),
  ('TLL', 'VCE', 441.56, '2025-11-24'),
  ('UIO', 'LIS', 181.82, '2025-11-12'),
  ('KRK', 'FCO', 343.71, '2025-11-11'),
  ('VLC', 'ALG', 354.50, '2025-11-03'),
  ('RGN', 'VIE', 895.62, '2025-11-10'),
  ('AMS', 'KRK', 728.83, '2025-12-28'),
  ('POS', 'EDI', 359.25, '2025-12-31'),
  ('LIS', 'MVD', 880.67, '2025-11-05'),
  ('PTY', 'HAV', 729.39, '2025-11-20'),
  ('HND', 'SVO', 708.36, '2025-11-24'),
  ('GUA', 'CPH', 283.56, '2025-12-01'),
  ('POS', 'HND', 880.67, '2025-12-25'),
  ('KHI', 'VNO', 379.72, '2025-11-14'),
  ('FCO', 'MAD', 1174.86, '2025-11-26'),
  ('FCO', 'SFO', 732.64, '2025-11-04'),
  ('GUA', 'ICN', 298.28, '2025-12-21'),
  ('BKK', 'CAI', 875.67, '2025-11-17'),
  ('SVO', 'ADL', 717.66, '2025-12-07'),
  ('RUH', 'BOG', 932.44, '2025-12-15'),
  ('ATH', 'JFK', 689.55, '2025-11-30'),
  ('DEL', 'EZE', 1180.21, '2025-12-06'),
  ('SCL', 'YUL', 574.91, '2025-12-14'),
  ('DOH', 'SYD', 1117.43, '2025-11-21'),
  ('ICN', 'JFK', 982.62, '2025-12-02'),
  ('OSL', 'MEX', 654.34, '2025-11-25'),
  ('LHR', 'GRU', 860.75, '2025-12-09'),
  ('CDG', 'SIN', 1094.25, '2025-11-22'),
  ('DXB', 'LAX', 1136.85, '2025-12-19'),
  ('JFK', 'BCN', 793.64, '2025-12-10'),
  ('PEK', 'YYZ', 823.91, '2025-11-08'),
  ('SYD', 'LHR', 1023.44, '2025-12-17'),
  ('FRA', 'SFO', 950.77, '2025-11-19'),
  ('LAX', 'DEL', 1188.31, '2025-12-21'),
  ('BOM', 'CAI', 624.41, '2025-11-13'),
  ('SIN', 'MEL', 493.92, '2025-12-26'),
  ('AKL', 'NBO', 1120.88, '2025-11-28'),
  ('ZRH', 'BRU', 335.55, '2025-12-05'),
  ('MAD', 'ATH', 402.61, '2025-11-09'),
  ('JNB', 'CPT', 221.48, '2025-12-27'),
  ('LIS', 'VIE', 398.72, '2025-12-12'),
  ('AMS', 'PRG', 283.67, '2025-12-18'),
  ('HND', 'SYD', 1096.81, '2025-11-30'),
  ('IST', 'DUB', 461.73, '2025-11-16'),
  ('TLV', 'RUH', 542.60, '2025-12-24'),
  ('CGK', 'BKK', 378.40, '2025-12-08'),
  ('MNL', 'KUL', 289.10, '2025-11-18'),
  ('SFO', 'ICN', 1042.95, '2025-11-14'),
  ('YYZ', 'HND', 957.18, '2025-12-28'),
  ('DOH', 'BOM', 454.67, '2025-11-07'),
  ('CAI', 'IST', 423.56, '2025-12-15'),
  ('DXB', 'FCO', 621.34, '2025-12-22'),
  ('CDG', 'LHR', 189.22, '2025-11-11'),
  ('JFK', 'LHR', 465.45, '2025-12-29'),
  ('LAX', 'SYD', 1102.44, '2025-12-03'),
  ('SFO', 'DXB', 1123.78, '2025-12-09'),
  ('BKK', 'SIN', 345.67, '2025-11-29'),
  ('DEL', 'LHR', 1023.11, '2025-12-14'),
  ('PEK', 'DXB', 987.34, '2025-12-02'),
  ('MAD', 'JFK', 780.22, '2025-11-30'),
  ('FRA', 'ICN', 965.11, '2025-12-20'),
  ('AMS', 'SYD', 1122.44, '2025-12-17'),
  ('ICN', 'LAX', 1045.67, '2025-11-25'),
  ('LHR', 'BOM', 876.34, '2025-11-18'),
  ('CDG', 'MNL', 978.22, '2025-12-01'),
  ('DXB', 'SIN', 545.77, '2025-12-07'),
  ('JFK', 'SFO', 420.12, '2025-12-05'),
  ('SYD', 'AKL', 332.45, '2025-12-12'),
  ('FCO', 'MAD', 425.66, '2025-12-09'),
  ('LIS', 'ATH', 389.21, '2025-11-21'),
  ('CPT', 'JNB', 215.44, '2025-11-23'),
  ('BOM', 'DEL', 112.33, '2025-12-11'),
  ('SIN', 'HND', 612.22, '2025-12-19'),
  ('HND', 'ICN', 289.44, '2025-12-04'),
  ('PEK', 'SVO', 723.77, '2025-12-14'),
  ('MAD', 'BCN', 101.55, '2025-12-28'),
  ('FRA', 'ZRH', 220.22, '2025-12-16'),
  ('AMS', 'BRU', 178.11, '2025-12-23'),
  ('ICN', 'DEL', 564.33, '2025-12-10'),
  ('LHR', 'CDG', 112.44, '2025-12-02'),
  ('CDG', 'JFK', 510.11, '2025-12-21'),
  ('DXB', 'LAX', 1130.22, '2025-12-18'),
  ('JFK', 'LHR', 465.22, '2025-12-13'),
  ('SYD', 'SIN', 445.33, '2025-12-06'),
  ('FCO', 'VIE', 402.55, '2025-12-25'),
  ('LIS', 'LHR', 155.44, '2025-12-29'),
  ('CPT', 'GRU', 445.22, '2025-12-07'),
  ('BOM', 'DXB', 398.44, '2025-12-01'),
  ('SIN', 'SYD', 588.33, '2025-11-22'),
  ('HND', 'LAX', 1122.44, '2025-12-15'),
  ('PEK', 'CDG', 999.55, '2025-12-08'),
  ('MAD', 'FCO', 423.22, '2025-12-05'),
  ('FRA', 'AMS', 180.11, '2025-12-11'),
  ('AMS', 'LHR', 210.22, '2025-12-03'),
  ('ICN', 'SIN', 678.33, '2025-12-20'),
  ('LHR', 'JFK', 460.11, '2025-12-22'),
  ('CDG', 'DXB', 648.44, '2025-12-09'),
  ('DXB', 'HND', 1145.22, '2025-12-27'),
  ('JFK', 'SYD', 1050.33, '2025-12-15'),
  ('SYD', 'LAX', 1112.44, '2025-12-18'),
  ('FCO', 'MAD', 420.11, '2025-12-03'),
  ('LIS', 'AMS', 178.22, '2025-12-26'),
  ('CPT', 'JNB', 218.11, '2025-12-12'),
  ('BOM', 'SIN', 602.44, '2025-12-19'),
  ('SIN', 'ICN', 678.33, '2025-12-01'),
  ('HND', 'DXB', 1134.55, '2025-12-24'),
  ('PEK', 'LHR', 945.33, '2025-12-11'),
  ('MAD', 'CDG', 412.44, '2025-12-14'),
  ('FRA', 'LHR', 190.22, '2025-12-09'),
  ('AMS', 'FCO', 222.11, '2025-12-27'),
  ('ICN', 'HND', 288.44, '2025-12-05'),
  ('LHR', 'SIN', 615.33, '2025-12-10'),
  ('CDG', 'LAX', 1010.22, '2025-12-08'),
  ('DXB', 'JFK', 1145.33, '2025-12-17'),
  ('JFK', 'PEK', 990.44, '2025-12-03'),
  ('SYD', 'BKK', 450.22, '2025-12-26'),
  ('FCO', 'LIS', 405.33, '2025-12-02'),
  ('LIS', 'FRA', 198.11, '2025-12-07'),
  ('CPT', 'GRU', 452.44, '2025-12-28'),
  ('BOM', 'HND', 1120.22, '2025-12-19'),
  ('SIN', 'LAX', 1089.33, '2025-12-23'),
  ('HND', 'SYD', 1115.44, '2025-12-06'),
  ('PEK', 'FRA', 980.22, '2025-12-14'),
  ('MAD', 'LHR', 400.33, '2025-12-01'),
  ('FRA', 'AMS', 185.44, '2025-12-25'),
  ('AMS', 'CDG', 210.22, '2025-12-12'),
  ('ICN', 'PEK', 710.33, '2025-12-18'),
  ('LHR', 'FCO', 420.22, '2025-12-27'),
  ('CDG', 'MAD', 430.33, '2025-12-30'),
  ('DXB', 'SIN', 555.44, '2025-12-04'),
  ('JFK', 'LAX', 455.33, '2025-12-16'),
  ('SYD', 'AKL', 340.22, '2025-12-21'),
  ('FCO', 'AMS', 410.33, '2025-12-15'),
  ('LIS', 'CDG', 190.22, '2025-12-18'),
  ('CPT', 'BOM', 600.44, '2025-12-24'),
  ('BOM', 'SIN', 610.33, '2025-12-05'),
  ('SIN', 'HND', 680.44, '2025-12-10'),
  ('HND', 'ICN', 290.22, '2025-12-29'),
  ('PEK', 'MAD', 955.33, '2025-12-19'),
  ('MAD', 'FCO', 412.22, '2025-12-22'),
  ('FRA', 'LHR', 195.33, '2025-12-06'),
  ('AMS', 'LIS', 200.22, '2025-12-14'),
  ('ICN', 'SYD', 1125.33, '2025-12-08'),
  ('LHR', 'DXB', 1120.22, '2025-12-11'),
  ('CDG', 'SIN', 620.33, '2025-12-09'),
  ('DXB', 'PEK', 1140.22, '2025-12-17'),
  ('JFK', 'HND', 1080.33, '2025-12-21'),
  ('SYD', 'FRA', 1025.22, '2025-12-13'),
  ('FCO', 'LHR', 418.33, '2025-12-03'),
  ('LIS', 'MAD', 200.44, '2025-12-24'),
  ('CPT', 'SIN', 610.22, '2025-12-27'),
  ('BOM', 'DXB', 605.33, '2025-12-12'),
  ('SIN', 'SYD', 590.22, '2025-12-30'),
  ('HND', 'LAX', 1118.33, '2025-12-05'),
  ('PEK', 'CDG', 995.44, '2025-12-18'),
  ('MAD', 'LHR', 410.22, '2025-12-07');
